"Player",0,2025-11-12 15:05:44
"Player",0,2025-11-12 15:14:32
"Player",0,2025-11-12 15:14:49
"Player",21,2025-11-12 15:15:16
"Player",6,2025-11-12 15:17:52
"Player",11,2025-11-12 15:18:53
"Player",0,2025-11-12 15:19:23
"ÀÌ¼­Çö",8,2025-11-12 15:20:06
"Player",0,2025-11-12 15:20:23
"Player",9,2025-11-12 15:20:45
"Player",6,2025-11-12 15:21:13
"Player",9,2025-11-12 15:27:19
"Player",0,2025-11-12 15:30:09
"Player",3,2025-11-12 15:31:06
"Player",3,2025-11-12 15:31:26
"Player",803,2025-11-12 16:19:45
"Player",0,2025-11-12 16:56:06
"Player",0,2025-11-12 16:57:50
"Player",0,2025-11-12 16:58:00
"Player",9,2025-11-12 16:58:11
"Player",15,2025-11-13 09:56:59
"Player",0,2025-11-13 10:00:31
"Player",2,2025-11-13 10:02:34
"Player",0,2025-11-13 10:02:48
"Player",9,2025-11-13 10:03:13
"Player",1900,2025-11-13 10:07:14
"Player",12,2025-12-01 18:32:08
